,Date,Volume (Currency)
0,2015-07-01,3453025.8609300004
1,2015-07-02,2515778.5069999998
2,2015-07-03,2331332.00288
3,2015-07-04,2037201.25208
4,2015-07-05,5689203.0574199995
5,2015-07-06,5473288.27375
6,2015-07-07,3670683.41294
7,2015-07-08,4305219.36071
8,2015-07-09,3744064.7316
9,2015-07-10,8292731.39905
10,2015-07-11,3420769.32036
11,2015-07-12,6901059.79474
12,2015-07-13,8680289.61299
13,2015-07-14,3016087.5531200003
14,2015-07-15,2842900.80684
15,2015-07-16,5937851.729619999
16,2015-07-17,3175870.23335
17,2015-07-18,2609994.79447
18,2015-07-19,1460235.90879
19,2015-07-20,2446038.23309
20,2015-07-21,2511729.8846
21,2015-07-22,2300120.88279
22,2015-07-23,1784595.61205
23,2015-07-24,4513273.28038
24,2015-07-25,2181492.66578
25,2015-07-26,1545190.05202
26,2015-07-27,4276819.0426199995
27,2015-07-28,2592630.36796
28,2015-07-29,2975568.8735599997
29,2015-07-30,2333060.2176099997
30,2015-07-31,2245587.52777
31,2015-08-01,1992192.81419
32,2015-08-02,1265880.6823200001
33,2015-08-03,1786928.27498
34,2015-08-04,1760746.60178
35,2015-08-05,1850415.9356799999
36,2015-08-06,1985840.1915799999
37,2015-08-07,2403686.81248
38,2015-08-08,2777400.00856
39,2015-08-09,2343259.5122599998
40,2015-08-10,2562673.47482
41,2015-08-11,2235123.97166
42,2015-08-12,2552596.77518
43,2015-08-13,2839488.04495
44,2015-08-14,2121755.47959
45,2015-08-15,1450606.74456
46,2015-08-16,2480559.46442
47,2015-08-17,2224063.09502
48,2015-08-18,3992017.8500099997
49,2015-08-19,5617682.67114
50,2015-08-20,3691074.43489
51,2015-08-21,2406953.01487
52,2015-08-22,3633435.05395
53,2015-08-23,2948508.07418
54,2015-08-24,8154700.2007
55,2015-08-25,9091324.50085
56,2015-08-26,5434957.380419999
57,2015-08-27,3249912.0309099997
58,2015-08-28,5241943.6133
59,2015-08-29,3565617.5903
60,2015-08-30,3532995.2960599996
61,2015-08-31,3616802.13504
62,2015-09-01,5460038.14019
63,2015-09-02,4909260.74044
64,2015-09-03,4494648.75787
65,2015-09-04,4786524.88065
66,2015-09-05,4692704.30286
67,2015-09-06,6192929.55235
68,2015-09-07,5567107.9653
69,2015-09-08,5854496.85678
70,2015-09-09,5579259.41795
71,2015-09-10,4949167.98417
72,2015-09-11,3309006.8742
73,2015-09-12,4143757.6588
74,2015-09-13,4546007.725
75,2015-09-14,3827895.67575
76,2015-09-15,3976679.5657800003
77,2015-09-16,4135855.7057199995
78,2015-09-17,3380034.3623599997
79,2015-09-18,4535082.4343
80,2015-09-19,2601612.79874
81,2015-09-20,3087488.55339
82,2015-09-21,3196957.2348
83,2015-09-22,4412739.0683699995
84,2015-09-23,3126033.69447
85,2015-09-24,5608546.02422
86,2015-09-25,5304812.20784
87,2015-09-26,3540710.50952
88,2015-09-27,4071220.17625
89,2015-09-28,4169714.96144
90,2015-09-29,4723484.6947
91,2015-09-30,4947383.2959900005
92,2015-10-01,4823180.19657
93,2015-10-02,4015993.33858
94,2015-10-03,4247863.43531
95,2015-10-04,3587379.7799199997
96,2015-10-05,4840156.014719999
97,2015-10-06,6485292.2406
98,2015-10-07,5823652.60782
99,2015-10-08,3407661.33155
100,2015-10-09,3433311.67226
101,2015-10-10,4239440.7284699995
102,2015-10-11,4731236.28509
103,2015-10-12,2633713.4786900003
104,2015-10-13,6380494.83811
105,2015-10-14,6753537.32685
106,2015-10-15,5614843.8201
107,2015-10-16,9087466.92268
108,2015-10-17,6801861.47795
109,2015-10-18,2644951.59149
110,2015-10-19,4381700.26017
111,2015-10-20,7721192.76258
112,2015-10-21,5479672.38106
113,2015-10-22,8260174.53435
114,2015-10-23,5984624.44767
115,2015-10-24,5767325.86857
116,2015-10-25,8680118.08745
117,2015-10-26,6035103.099219999
118,2015-10-27,9964151.02731
119,2015-10-28,9436170.14113
120,2015-10-29,10020832.7633
121,2015-10-30,12770329.0568
122,2015-10-31,9150844.319039999
123,2015-11-01,4520744.07092
124,2015-11-02,15705858.6864
125,2015-11-03,30053087.8339
126,2015-11-04,47199586.9182
127,2015-11-05,24185444.128000002
128,2015-11-06,17530874.2175
129,2015-11-07,10103834.2098
130,2015-11-08,10459783.9963
131,2015-11-09,9765480.26476
132,2015-11-10,17451748.997
133,2015-11-11,16138605.4874
134,2015-11-12,12327089.4267
135,2015-11-13,8239048.11008
136,2015-11-14,8596759.48718
137,2015-11-15,8952296.30045
138,2015-11-16,7220301.63287
139,2015-11-17,9324687.15739
140,2015-11-18,9115915.94042
141,2015-11-19,8937135.62207
142,2015-11-20,6794004.84698
143,2015-11-21,1666609.81892
144,2015-11-22,1312398.5963299999
145,2015-11-23,1649850.43544
146,2015-11-24,2774792.55142
147,2015-11-25,3964830.33968
148,2015-11-26,12574100.1627
149,2015-11-27,4753695.229719999
150,2015-11-28,2225597.70017
151,2015-11-29,2854062.8005
152,2015-11-30,6809125.59949
153,2015-12-01,5617537.1515
154,2015-12-02,4390062.72969
155,2015-12-03,4423950.84389
156,2015-12-04,3596927.19839
157,2015-12-05,6338715.40366
158,2015-12-06,5754540.48816
159,2015-12-07,5868357.22485
160,2015-12-08,4567280.012680001
161,2015-12-09,8726381.89446
162,2015-12-10,3514699.2531199995
163,2015-12-11,12715568.601
164,2015-12-12,12875519.5395
165,2015-12-13,5101509.33067
166,2015-12-14,5908604.60255
167,2015-12-15,8237602.55391
168,2015-12-16,10627485.4304
169,2015-12-17,3000514.42095
170,2015-12-18,5937708.34397
171,2015-12-19,3156242.37545
172,2015-12-20,7430072.73302
173,2015-12-21,8257540.79075
174,2015-12-22,3563201.25457
175,2015-12-23,3125137.4309400003
176,2015-12-24,4598655.91625
177,2015-12-25,1304947.59033
178,2015-12-26,11386692.9169
179,2015-12-27,2921475.21718
180,2015-12-28,3204101.78999
181,2015-12-29,4444308.022
182,2015-12-30,3315825.4312400003
183,2015-12-31,2833319.6997
184,2016-01-01,1640577.9258
185,2016-01-02,1287773.38679
186,2016-01-03,1959152.596
187,2016-01-04,2474772.49753
188,2016-01-05,1677111.44154
189,2016-01-06,2369036.4552700003
190,2016-01-07,7536413.29417
191,2016-01-08,4654977.99088
192,2016-01-09,1976929.7886700002
193,2016-01-10,1813405.06214
194,2016-01-11,3557149.6061699996
195,2016-01-12,3067862.76441
196,2016-01-13,4327468.86359
197,2016-01-14,1903623.7666900002
198,2016-01-15,14756284.2361
199,2016-01-16,9314016.19667
200,2016-01-17,3222126.4473
201,2016-01-18,2680282.37236
202,2016-01-19,2758289.7843
203,2016-01-20,10071637.7108
204,2016-01-21,3886595.6770099998
205,2016-01-22,5747610.60075
206,2016-01-23,2974351.32265
207,2016-01-24,2176476.21361
208,2016-01-25,3169083.78351
209,2016-01-26,2585992.58646
210,2016-01-27,1680905.76765
211,2016-01-28,4361450.23503
212,2016-01-29,5084544.74721
213,2016-01-30,975585.613025
214,2016-01-31,1559953.4024
215,2016-02-01,2703288.00025
216,2016-02-02,2133603.91822
217,2016-02-03,2631356.06623
218,2016-02-04,5138708.84484
219,2016-02-05,2854281.7514400003
220,2016-02-06,2159252.72193
221,2016-02-07,1084985.74964
222,2016-02-08,2599524.22458
223,2016-02-09,2157256.82784
224,2016-02-10,3792903.8762
225,2016-02-11,2820555.1208200003
226,2016-02-12,2285206.43134
227,2016-02-13,2836694.3508900004
228,2016-02-14,3887244.20681
229,2016-02-15,3178245.77789
230,2016-02-16,3372130.2147
231,2016-02-17,4915480.61646
232,2016-02-18,3610499.41429
233,2016-02-19,2101914.46577
234,2016-02-20,5037569.381580001
235,2016-02-21,4513446.9131
236,2016-02-22,2550862.12342
237,2016-02-23,4460860.98972
238,2016-02-24,3044435.8372
239,2016-02-25,2361226.41654
240,2016-02-26,1965128.8742400003
241,2016-02-27,1794059.03145
242,2016-02-28,1503570.38833
243,2016-02-29,3688136.63551
244,2016-03-01,2999990.19582
245,2016-03-02,2484758.40716
246,2016-03-03,3144344.87114
247,2016-03-04,3242408.24085
248,2016-03-05,6542504.740809999
249,2016-03-06,2305615.94252
250,2016-03-07,2435455.2480599997
251,2016-03-08,2294301.5468900003
252,2016-03-09,2006337.14613
253,2016-03-10,2172818.96013
254,2016-03-11,2495505.28728
255,2016-03-12,1916201.03835
256,2016-03-13,1357510.21772
257,2016-03-14,1848804.28557
258,2016-03-15,1898781.05535
259,2016-03-16,1702108.56385
260,2016-03-17,1548743.0322
261,2016-03-18,2620535.27708
262,2016-03-19,1167962.9375200002
263,2016-03-20,1057230.7001399999
264,2016-03-21,1451351.16318
265,2016-03-22,1638956.3973299998
266,2016-03-23,2059556.01224
267,2016-03-24,1155165.75428
268,2016-03-25,1074765.8182299999
269,2016-03-26,521077.51170200005
270,2016-03-27,2135073.9160700003
271,2016-03-28,1388121.94605
272,2016-03-29,2473866.2137
273,2016-03-30,1990559.4952
274,2016-03-31,1566080.96696
275,2016-04-01,1552890.06765
276,2016-04-02,867252.4683540001
277,2016-04-03,558989.7144909999
278,2016-04-04,1445848.17537
279,2016-04-05,1665558.6462700001
280,2016-04-06,1010238.9931200001
281,2016-04-07,1352741.71336
282,2016-04-08,1928359.9085099997
283,2016-04-09,1497170.37218
284,2016-04-10,746886.329426
285,2016-04-11,1467164.56324
286,2016-04-12,2581942.43137
287,2016-04-13,1661013.3098600002
288,2016-04-14,1637346.082
289,2016-04-15,1883221.8725599998
290,2016-04-16,794725.229958
291,2016-04-17,642520.654354
292,2016-04-18,1359481.31183
293,2016-04-19,1634274.11488
294,2016-04-20,3334632.0347700003
295,2016-04-21,2417983.8016
296,2016-04-22,2458441.0827599997
297,2016-04-23,1008095.2160299999
298,2016-04-24,3252973.56094
299,2016-04-25,2589826.88327
300,2016-04-26,2154820.5882099997
301,2016-04-27,3233410.8363
302,2016-04-28,3884773.4545199997
303,2016-04-29,1347430.82735
304,2016-04-30,1091522.43585
305,2016-05-01,537276.056658
306,2016-05-02,2824163.35079
307,2016-05-03,2496652.81069
308,2016-05-04,1488189.71992
309,2016-05-05,1150544.0929100001
310,2016-05-06,2518562.04844
311,2016-05-07,918778.3530040001
312,2016-05-08,619028.389016
313,2016-05-09,1625816.35765
314,2016-05-10,2608139.07303
315,2016-05-11,1520976.99444
316,2016-05-12,1560850.7151600001
317,2016-05-13,1283980.60746
318,2016-05-14,628027.393028
319,2016-05-15,736345.014644
320,2016-05-16,1479592.22802
321,2016-05-17,1555633.96076
322,2016-05-18,1184326.53192
323,2016-05-19,2667369.2716900003
324,2016-05-20,1520946.4163799998
325,2016-05-21,844578.212866
326,2016-05-22,1032621.86861
327,2016-05-23,1157133.4493200001
328,2016-05-24,1366675.3434
329,2016-05-25,1639628.0837700001
330,2016-05-26,1695944.87055
331,2016-05-27,5759605.50279
332,2016-05-28,6208198.25244
333,2016-05-29,4268564.36001
334,2016-05-30,3195665.50708
335,2016-05-31,6465589.816430001
336,2016-06-01,2918877.94306
337,2016-06-02,2110034.26712
338,2016-06-03,4918798.57226
339,2016-06-04,3569801.44325
340,2016-06-05,3104174.12062
341,2016-06-06,2599632.51236
342,2016-06-07,3889183.61435
343,2016-06-08,1885760.6519900002
344,2016-06-09,2173852.2483900003
345,2016-06-10,1992463.0620900001
346,2016-06-11,2358616.30702
347,2016-06-12,9092256.254519999
348,2016-06-13,11948752.1777
349,2016-06-14,7245670.99635
350,2016-06-15,3958020.1704300004
351,2016-06-16,13252865.1519
352,2016-06-17,10852879.6436
353,2016-06-18,4450980.856240001
354,2016-06-19,1975322.22799
355,2016-06-20,5917339.4618
356,2016-06-21,22257644.3019
357,2016-06-22,10462967.0683
358,2016-06-23,14297065.0423
359,2016-06-24,10563018.7887
360,2016-06-25,4375554.65365
361,2016-06-26,3672917.7387699997
362,2016-06-27,5537101.67279
363,2016-06-28,3544743.27599
364,2016-06-29,5770127.80366
365,2016-06-30,4895853.65048
366,2016-07-01,4339245.156769999
367,2016-07-02,3811458.84055
368,2016-07-03,4906039.38349
369,2016-07-04,2870919.40162
370,2016-07-05,2092573.27766
371,2016-07-06,2412784.30191
372,2016-07-07,8058820.66247
373,2016-07-08,4252992.55385
374,2016-07-09,3994710.13065
375,2016-07-10,1490267.21786
376,2016-07-11,1932846.2000099998
377,2016-07-12,2839548.15157
378,2016-07-13,4342194.79169
379,2016-07-14,1576629.1714700002
380,2016-07-15,2143543.85395
381,2016-07-16,1111201.65884
382,2016-07-17,2320473.32246
383,2016-07-18,2037381.50674
384,2016-07-19,1278189.69039
385,2016-07-20,2282261.37539
386,2016-07-21,1661238.4119
387,2016-07-22,3407485.3597
388,2016-07-23,838038.597392
389,2016-07-24,939586.0142219999
390,2016-07-25,1600627.6250200002
391,2016-07-26,2311378.90589
392,2016-07-27,1742046.0574599998
393,2016-07-28,1249934.30199
394,2016-07-29,848986.1619279999
395,2016-07-30,470912.144375
396,2016-07-31,3125805.15142
397,2016-08-01,3399251.95135
398,2016-08-02,12122476.9294
399,2016-08-03,8476073.71106
400,2016-08-04,4849529.13774
401,2016-08-05,2744096.46759
402,2016-08-06,3470953.44949
403,2016-08-07,1720291.72988
404,2016-08-08,1876919.9223200001
405,2016-08-09,1856560.6156400002
406,2016-08-10,3093831.60367
407,2016-08-11,1504308.95593
408,2016-08-12,1276363.86275
409,2016-08-13,563625.080321
410,2016-08-14,2748170.07448
411,2016-08-15,2618493.4862
412,2016-08-16,2766616.05963
413,2016-08-17,2348397.52788
414,2016-08-18,2271526.86467
415,2016-08-19,2653115.88128
416,2016-08-20,1399905.46856
417,2016-08-21,659564.955465
418,2016-08-22,2950211.77376
419,2016-08-23,2429199.90807
420,2016-08-24,1731521.17728
421,2016-08-25,2432466.89872
422,2016-08-26,1906954.6349099998
423,2016-08-27,1540115.4576
424,2016-08-28,589949.3149479999
425,2016-08-29,1337424.14472
426,2016-08-30,2549324.6768799997
427,2016-08-31,2238453.98331
428,2016-09-01,1614962.02298
429,2016-09-02,1711339.7460100001
430,2016-09-03,2709470.37659
431,2016-09-04,2374456.18921
432,2016-09-05,2307087.13721
433,2016-09-06,2447636.43814
434,2016-09-07,2749975.13897
435,2016-09-08,2710494.37573
436,2016-09-09,2031926.20966
437,2016-09-10,950617.059716
438,2016-09-11,3240280.3343
439,2016-09-12,2126936.02037
440,2016-09-13,2106487.10996
441,2016-09-14,1761472.09602
442,2016-09-15,1870525.59088
443,2016-09-16,1585218.43126
444,2016-09-17,674972.584483
445,2016-09-18,792167.993472
446,2016-09-19,1504205.84414
447,2016-09-20,1625919.5676
448,2016-09-21,2184063.9133200003
449,2016-09-22,1440643.02538
450,2016-09-23,2394294.7319099996
451,2016-09-24,685185.082901
452,2016-09-25,650928.914686
453,2016-09-26,2444753.79398
454,2016-09-27,1846161.5050599999
455,2016-09-28,1329117.19821
456,2016-09-29,1641055.43714
457,2016-09-30,1593409.0406799999
458,2016-10-01,892033.6636440001
459,2016-10-02,856141.6519470001
460,2016-10-03,1370270.01545
461,2016-10-04,1795599.84679
462,2016-10-05,1469331.4777799998
463,2016-10-06,1242954.85864
464,2016-10-07,2468265.95408
465,2016-10-08,546015.410318
466,2016-10-09,719904.656843
467,2016-10-10,1410892.88739
468,2016-10-11,5100218.347709999
469,2016-10-12,1690227.11408
470,2016-10-13,1510988.66892
471,2016-10-14,2003219.14236
472,2016-10-15,908251.542914
473,2016-10-16,823539.547904
474,2016-10-17,2516207.27874
475,2016-10-18,1735476.5578299998
476,2016-10-19,2824080.05221
477,2016-10-20,1280448.67744
478,2016-10-21,1919969.05372
479,2016-10-22,2812594.61698
480,2016-10-23,1651700.19238
481,2016-10-24,3027622.0257200003
482,2016-10-25,3982507.6667199996
483,2016-10-26,4466380.41083
484,2016-10-27,3090089.92937
485,2016-10-28,2446577.6396
486,2016-10-29,2839203.5710299998
487,2016-10-30,2630802.80167
488,2016-10-31,3246833.12744
489,2016-11-01,4746887.11799
490,2016-11-02,3133467.19096
491,2016-11-03,8620853.87538
492,2016-11-04,3725359.6483400003
493,2016-11-05,1346262.96493
494,2016-11-06,1620784.56078
495,2016-11-07,2123754.4794400004
496,2016-11-08,3905868.36335
497,2016-11-09,7081641.534089999
498,2016-11-10,3570538.7438300005
499,2016-11-11,2382869.95989
500,2016-11-12,1988237.3207
501,2016-11-13,4174451.2359599997
502,2016-11-14,5302237.1858
503,2016-11-15,4030616.40085
504,2016-11-16,8443845.51549
505,2016-11-17,4971520.49486
506,2016-11-18,3180459.4411400002
507,2016-11-19,1470296.8123
508,2016-11-20,4046316.48223
509,2016-11-21,2948982.13323
510,2016-11-22,3735123.7523199995
511,2016-11-23,3298351.60887
512,2016-11-24,2967466.38606
513,2016-11-25,2459029.19825
514,2016-11-26,1685262.2965799998
515,2016-11-27,2508288.0484599997
516,2016-11-28,3457223.0035599996
517,2016-11-29,3944721.68364
518,2016-11-30,4608044.8797699995
519,2016-12-01,4590130.14859
520,2016-12-02,6209209.26243
521,2016-12-03,2114389.5578
522,2016-12-04,2440424.84327
523,2016-12-05,4175776.96781
524,2016-12-06,5108421.85896
525,2016-12-07,3665122.07755
526,2016-12-08,3758555.43185
527,2016-12-09,2209620.28785
528,2016-12-10,1700155.0152399999
529,2016-12-11,1090977.4246399999
530,2016-12-12,2174538.22774
531,2016-12-13,3828369.0811400004
532,2016-12-14,1812395.3352299999
533,2016-12-15,2360816.75255
534,2016-12-16,2706428.28212
535,2016-12-17,1878367.31148
536,2016-12-18,1983165.3657099998
537,2016-12-19,3100648.86355
538,2016-12-20,3267705.40129
539,2016-12-21,7667888.810819999
540,2016-12-22,10331509.7292
541,2016-12-23,14837057.9635
542,2016-12-24,5425021.87972
543,2016-12-25,4071449.1611
544,2016-12-26,3117208.4180400004
545,2016-12-27,6665199.06831
546,2016-12-28,11744311.237
547,2016-12-29,7599251.051860001
548,2016-12-30,10228764.2361
549,2016-12-31,3978648.14783
550,2017-01-01,6764742.05545
551,2017-01-02,8273576.98525
552,2017-01-03,9276500.30587
553,2017-01-04,23469644.9606
554,2017-01-05,36211399.5269
555,2017-01-06,25523261.2784
556,2017-01-07,17624310.0238
557,2017-01-08,8168170.348180001
558,2017-01-09,7780059.0628
559,2017-01-10,7704271.19995
560,2017-01-11,29459968.9011
561,2017-01-12,13632251.4431
562,2017-01-13,9224729.89012
563,2017-01-14,5470214.991769999
564,2017-01-15,3455365.8712
565,2017-01-16,5107031.212180001
566,2017-01-17,10775497.8647
567,2017-01-18,9830117.653789999
568,2017-01-19,9929647.20053
569,2017-01-20,5915865.4867
570,2017-01-21,5373391.08422
571,2017-01-22,6569177.19246
572,2017-01-23,3234454.30326
573,2017-01-24,8495975.457530001
574,2017-01-25,4725942.37301
575,2017-01-26,4688102.25271
576,2017-01-27,4433746.38119
577,2017-01-28,1078884.52226
578,2017-01-29,1234746.08175
579,2017-01-30,2865063.7274
580,2017-01-31,9024041.550239999
581,2017-02-01,6748543.96725
582,2017-02-02,8222686.79034
583,2017-02-03,11029881.3044
584,2017-02-04,5884560.60284
585,2017-02-05,4417546.50579
586,2017-02-06,5188721.522580001
587,2017-02-07,5605838.10668
588,2017-02-08,10072826.835
589,2017-02-09,25064862.0643
590,2017-02-10,10491584.3702
591,2017-02-11,4509154.726419999
592,2017-02-12,2690265.3698299997
593,2017-02-13,4522130.77969
594,2017-02-14,6806110.34205
595,2017-02-15,3123812.21502
596,2017-02-16,6170238.8589
597,2017-02-17,6386285.1609
598,2017-02-18,4745831.61165
599,2017-02-19,2388775.4121
600,2017-02-20,3902660.35374
601,2017-02-21,9273663.17745
602,2017-02-22,13146726.039
603,2017-02-23,13558056.0275
604,2017-02-24,23023500.2032
605,2017-02-25,7226444.769560001
606,2017-02-26,4127618.08321
607,2017-02-27,5511306.89707
608,2017-02-28,9017082.51467
609,2017-03-01,7276140.32797
610,2017-03-02,9679539.505560001
611,2017-03-03,9615648.420260001
612,2017-03-04,6237601.90255
613,2017-03-05,3809526.4355300004
614,2017-03-06,5420772.93281
615,2017-03-07,17887749.609
616,2017-03-08,15905595.4481
617,2017-03-09,9019820.317780001
618,2017-03-10,38830456.2918
619,2017-03-11,8529224.30265
620,2017-03-12,7003314.4062
621,2017-03-13,6963555.13551
622,2017-03-14,7156458.54737
623,2017-03-15,4920843.35598
624,2017-03-16,18265147.5609
625,2017-03-17,18711161.7932
626,2017-03-18,21545879.4107
627,2017-03-19,12333561.0075
628,2017-03-20,7764665.808569999
629,2017-03-21,12068049.7199
630,2017-03-22,15061002.6279
631,2017-03-23,6134595.7528
632,2017-03-24,15697051.6813
633,2017-03-25,12469646.9467
634,2017-03-26,8743359.973210001
635,2017-03-27,8753826.091669999
636,2017-03-28,9538479.5453
637,2017-03-29,9675900.397780001
638,2017-03-30,8919386.178639999
639,2017-03-31,12711331.6219
640,2017-04-01,5617315.774569999
641,2017-04-02,8274688.322919999
642,2017-04-03,12487637.6295
643,2017-04-04,8471842.703569999
644,2017-04-05,6299621.44774
645,2017-04-06,10690571.4343
646,2017-04-07,6486716.49642
647,2017-04-08,3224244.36142
648,2017-04-09,5764973.9073
649,2017-04-10,4416613.8669300005
650,2017-04-11,4229830.76308
651,2017-04-12,4224875.8027099995
652,2017-04-13,8410788.791819999
653,2017-04-14,10475652.876
654,2017-04-15,2128067.8193
655,2017-04-16,3094769.4637700003
656,2017-04-17,4210491.80989
657,2017-04-18,6636782.79318
658,2017-04-19,7247878.76326
659,2017-04-20,7302307.33493
660,2017-04-21,6236859.58189
661,2017-04-22,5126960.21473
662,2017-04-23,3219987.14271
663,2017-04-24,3788507.31897
664,2017-04-25,6651231.26536
665,2017-04-26,11266221.1625
666,2017-04-27,8810060.90602
667,2017-04-28,10882526.4003
668,2017-04-29,5226089.4466699995
669,2017-04-30,4718587.8143
670,2017-05-01,11923132.2236
671,2017-05-02,12836209.7667
672,2017-05-03,16380266.8432
673,2017-05-04,30115422.5808
674,2017-05-05,24257672.4976
675,2017-05-06,12179087.2645
676,2017-05-07,11809645.3343
677,2017-05-08,30652223.0569
678,2017-05-09,28741490.6425
679,2017-05-10,19697560.663
680,2017-05-11,26997283.1085
681,2017-05-12,29856372.5419
682,2017-05-13,17797259.4555
683,2017-05-14,8585557.3932
684,2017-05-15,22951575.7929
685,2017-05-16,28255380.0189
686,2017-05-17,31598676.8747
687,2017-05-18,21766168.1252
688,2017-05-19,27218796.9176
689,2017-05-20,24248476.4862
690,2017-05-21,13647083.7418
691,2017-05-22,34535101.5331
692,2017-05-23,31139771.5235
693,2017-05-24,52782234.6848
694,2017-05-25,83028907.0488
695,2017-05-26,66466402.5824
696,2017-05-27,54113571.7812
697,2017-05-28,33655092.7193
698,2017-05-29,27376000.7138
699,2017-05-30,31434633.5759
700,2017-05-31,36862481.1261
701,2017-06-01,43990417.8713
702,2017-06-02,30186115.4552
703,2017-06-03,27295110.6448
704,2017-06-04,22263365.0539
705,2017-06-05,31919212.3172
706,2017-06-06,75249106.7769
707,2017-06-07,47205426.4401
708,2017-06-08,36430027.3017
709,2017-06-09,22701156.2423
710,2017-06-10,27434766.1166
711,2017-06-11,19889995.6813
712,2017-06-12,85799286.223
713,2017-06-13,44217458.2013
714,2017-06-14,76114991.857
715,2017-06-15,84952914.5602
716,2017-06-16,33831741.3431
717,2017-06-17,28569796.4066
718,2017-06-18,24023680.6646
719,2017-06-19,27011860.5064
720,2017-06-20,42538164.7421
721,2017-06-21,42304860.3098
722,2017-06-22,28955845.8582
723,2017-06-23,22348019.565
724,2017-06-24,34944802.7273
725,2017-06-25,26249953.8896
726,2017-06-26,54096000.6527
727,2017-06-27,45774590.046000004
728,2017-06-28,31106035.7674
729,2017-06-29,20771078.3353
730,2017-06-30,21948643.0308
731,2017-07-01,21750491.237
732,2017-07-02,21386273.6839
733,2017-07-03,29213705.7379
734,2017-07-04,25107482.8802
735,2017-07-05,27950344.700999998
736,2017-07-06,21529601.7109
737,2017-07-07,23870564.3605
738,2017-07-08,13584489.5168
739,2017-07-09,11362427.9698
740,2017-07-10,41650843.7716
741,2017-07-11,41145883.9417
742,2017-07-12,30256255.5717
743,2017-07-13,19957908.676
744,2017-07-14,28326253.1148
745,2017-07-15,40927009.3695
746,2017-07-16,49010482.2342
747,2017-07-17,55057438.3526
748,2017-07-18,57683997.0658
749,2017-07-19,39248446.8642
750,2017-07-20,80388738.2266
751,2017-07-21,56456355.3376
752,2017-07-22,35805144.4115
753,2017-07-23,30310788.7443
754,2017-07-24,27562701.0217
755,2017-07-25,55120720.8961
756,2017-07-26,44091449.2061
757,2017-07-27,30470923.8633
758,2017-07-28,38675840.6215
759,2017-07-29,29159800.9549
760,2017-07-30,25848893.0751
761,2017-07-31,30777296.2133
762,2017-08-01,34322796.5568
763,2017-08-02,25701106.0977
764,2017-08-03,21938303.9976
765,2017-08-04,21650087.6398
766,2017-08-05,53861926.0262
767,2017-08-06,19412655.9685
768,2017-08-07,40225852.0019
769,2017-08-08,54054824.2542
770,2017-08-09,47356464.3976
771,2017-08-10,30658440.5086
772,2017-08-11,41888022.2556
773,2017-08-12,46799798.3995
774,2017-08-13,63672103.4491
775,2017-08-14,59836002.8147
776,2017-08-15,104651369.05399999
777,2017-08-16,54194325.8006
778,2017-08-17,63228604.1925
779,2017-08-18,73224029.243
780,2017-08-19,60604905.5767
781,2017-08-20,25289638.5965
782,2017-08-21,39203908.9572
783,2017-08-22,91600325.718
784,2017-08-23,62117291.5599
785,2017-08-24,45174068.6738
786,2017-08-25,42274063.3917
787,2017-08-26,28227915.2791
788,2017-08-27,17263967.2279
789,2017-08-28,37077203.3926
790,2017-08-29,53491168.403000005
791,2017-08-30,39800539.1574
792,2017-08-31,41726210.489
793,2017-09-01,73889667.5036
794,2017-09-02,79492706.8022
795,2017-09-03,51112034.9968
796,2017-09-04,107792606.939
797,2017-09-05,88444473.1491
798,2017-09-06,75306805.3678
799,2017-09-07,42435328.9868
800,2017-09-08,103569423.201
801,2017-09-09,42689334.6235
802,2017-09-10,61040452.0474
803,2017-09-11,47148979.9818
804,2017-09-12,56268039.7928
805,2017-09-13,115516897.11700001
806,2017-09-14,146101729.729
807,2017-09-15,203168385.98299998
808,2017-09-16,84905914.7591
809,2017-09-17,42657776.5635
810,2017-09-18,67988469.4596
811,2017-09-19,60404491.5738
812,2017-09-20,45847238.8634
813,2017-09-21,67012342.1829
814,2017-09-22,54271184.8163
815,2017-09-23,37609099.7684
816,2017-09-24,24009707.8217
817,2017-09-25,57632408.0904
818,2017-09-26,39220959.7026
819,2017-09-27,61255648.5346
820,2017-09-28,40309035.7702
821,2017-09-29,50336312.6495
822,2017-09-30,32073448.8202
823,2017-10-01,30871704.788000003
824,2017-10-02,36293751.0114
825,2017-10-03,53551605.4793
826,2017-10-04,36068254.94
827,2017-10-05,35912272.841
828,2017-10-06,36552658.1455
829,2017-10-07,20320065.235999998
830,2017-10-08,45490443.5718
831,2017-10-09,60473207.2941
832,2017-10-10,56088789.3534
833,2017-10-11,47256315.4188
834,2017-10-12,102559923.235
835,2017-10-13,155848051.872
836,2017-10-14,47779356.4521
837,2017-10-15,64464008.4228
838,2017-10-16,51508749.1147
839,2017-10-17,51035573.567
840,2017-10-18,101657249.579
841,2017-10-19,56087316.5641
842,2017-10-20,89014299.8806
843,2017-10-21,92912504.8326
844,2017-10-22,71898806.1552
845,2017-10-23,89530043.1578
846,2017-10-24,97560230.1937
847,2017-10-25,68370411.1314
848,2017-10-26,69079451.8057
849,2017-10-27,69053794.4428
850,2017-10-28,33993472.6929
851,2017-10-29,96361934.2927
852,2017-10-30,58637080.1393
853,2017-10-31,84354477.9752
854,2017-11-01,84891427.3016
855,2017-11-02,184979262.336
856,2017-11-03,116037544.14700001
857,2017-11-04,66730277.4229
858,2017-11-05,68631151.8536
859,2017-11-06,138542391.753
860,2017-11-07,82632999.5864
861,2017-11-08,183501327.08400002
862,2017-11-09,106985408.52299999
863,2017-11-10,181284361.102
864,2017-11-11,96800268.0907
865,2017-11-12,225565297.532
866,2017-11-13,173971383.556
867,2017-11-14,79508390.5354
868,2017-11-15,119171192.377
869,2017-11-16,145738327.486
870,2017-11-17,138124189.434
871,2017-11-18,56264967.2148
872,2017-11-19,65332064.6474
873,2017-11-20,66366007.8084
874,2017-11-21,110811263.491
875,2017-11-22,66215711.7122
876,2017-11-23,63644740.3949
877,2017-11-24,75751868.7454
878,2017-11-25,97628924.7872
879,2017-11-26,108525815.449
880,2017-11-27,126458117.66600001
881,2017-11-28,110496755.84799999
882,2017-11-29,346949562.20199996
883,2017-11-30,247093850.76299998
884,2017-12-01,171881760.618
885,2017-12-02,101270084.38200001
886,2017-12-03,160176290.442
887,2017-12-04,154122917.897
888,2017-12-05,138370076.16
889,2017-12-06,250560790.30234
890,2017-12-07,382694044.13062996
891,2017-12-08,389366035.09339
892,2017-12-09,238909072.56332
893,2017-12-10,263150668.00414
894,2017-12-11,270203844.28468996
895,2017-12-12,227842348.69952002
896,2017-12-13,281640493.78952
897,2017-12-14,219263192.46054
898,2017-12-15,329337014.76427
899,2017-12-16,179906034.63695
900,2017-12-17,186310530.76466998
901,2017-12-18,273533539.40283
902,2017-12-19,387206242.38184
903,2017-12-20,521350550.60848
904,2017-12-21,326730689.64542997
905,2017-12-22,772143020.63877
906,2017-12-23,322120599.55537003
907,2017-12-24,250476423.64496002
908,2017-12-25,161347357.0787
909,2017-12-26,230922569.15497002
910,2017-12-27,241860985.13002998
911,2017-12-28,234428578.53875
912,2017-12-29,195727638.76896
913,2017-12-30,285985550.32365
914,2017-12-31,154552644.47156
915,2018-01-01,102815718.45172
916,2018-01-02,229138844.07687998
917,2018-01-03,183639413.73724
918,2018-01-04,222160244.4909
919,2018-01-05,259695892.85336
920,2018-01-06,158389594.51445
921,2018-01-07,141555094.16036
922,2018-01-08,251877784.14267
923,2018-01-09,204579121.58441
924,2018-01-10,261210687.02947003
925,2018-01-11,266846190.80782002
926,2018-01-12,183399343.51663998
927,2018-01-13,106595650.09047
928,2018-01-14,102783826.66084
929,2018-01-15,131049852.36483999
930,2018-01-16,457725763.36584
931,2018-01-17,433168120.05249
932,2018-01-18,256082649.97875
933,2018-01-19,151834406.42114
934,2018-01-20,128912075.53121999
935,2018-01-21,137150604.6405
936,2018-01-22,186028930.55173
937,2018-01-23,184369293.73459
938,2018-01-24,128825119.67868999
939,2018-01-25,115421975.02513999
940,2018-01-26,164020352.51582
941,2018-01-27,116376809.51695
942,2018-01-28,116531522.53333999
943,2018-01-29,112806531.76197
944,2018-01-30,219169216.36012
945,2018-01-31,126723437.33568999
946,2018-02-01,243067799.59754
947,2018-02-02,373423805.07552004
948,2018-02-03,144713399.47199
949,2018-02-04,162005632.56055
950,2018-02-05,342210634.64875
951,2018-02-06,487504446.04308
952,2018-02-07,260674865.84427997
953,2018-02-08,187157997.65798
954,2018-02-09,152040059.86472
955,2018-02-10,127082570.69048999
956,2018-02-11,103542540.61432
957,2018-02-12,130557481.61167
958,2018-02-13,97689771.64304699
959,2018-02-14,158839393.2453
960,2018-02-15,206814744.84787
961,2018-02-16,118860367.74258001
962,2018-02-17,155314935.17762
963,2018-02-18,188724919.34455
964,2018-02-19,127802568.07185
965,2018-02-20,182156478.01967
966,2018-02-21,215353691.93532
967,2018-02-22,206051152.36005
968,2018-02-23,160782973.04507
969,2018-02-24,137805304.51942
970,2018-02-25,105367249.24681999
971,2018-02-26,162306362.38799
972,2018-02-27,110086762.79583001
973,2018-02-28,111457734.83117
974,2018-03-01,101712406.72716999
975,2018-03-02,91455982.504959
976,2018-03-03,88241259.77629201
977,2018-03-04,77060624.278291
978,2018-03-05,114638102.23711
979,2018-03-06,161507885.73288
980,2018-03-07,264099759.77855
981,2018-03-08,217370120.91965
982,2018-03-09,257069817.5836
983,2018-03-10,118146982.45276001
984,2018-03-11,149758874.76874
985,2018-03-12,175103380.07353002
986,2018-03-13,146461539.24624
987,2018-03-14,182210730.8525
988,2018-03-15,148610946.85018998
989,2018-03-16,137219222.82076
990,2018-03-17,97294029.179732
991,2018-03-18,150315447.64235
992,2018-03-19,162448296.1943
993,2018-03-20,116496170.95306002
994,2018-03-21,108594771.1013
995,2018-03-22,109923828.12971
996,2018-03-23,117134344.45483999
997,2018-03-24,85811618.322075
998,2018-03-25,78013217.68781
999,2018-03-26,145246518.5356
1000,2018-03-27,98488415.189242
1001,2018-03-28,66890222.85988001
1002,2018-03-29,163975079.77115
1003,2018-03-30,199556780.67169
1004,2018-03-31,81326187.467914
1005,2018-04-01,121116431.40303999
1006,2018-04-02,95159965.01743901
1007,2018-04-03,118019785.63286999
1008,2018-04-04,110954121.83853
1009,2018-04-05,80262665.41437
1010,2018-04-06,56294477.899358
1011,2018-04-07,52984840.498486
1012,2018-04-08,30482451.722745
1013,2018-04-09,69104966.965091
1014,2018-04-10,43978750.446789004
1015,2018-04-11,40165964.25783
1016,2018-04-12,143664243.10143
1017,2018-04-13,157461506.31628
1018,2018-04-14,71681139.862327
